{
  "rocket1": {
    "ref_len": 1.196,
    "diam": 0.102,
    "mass_i": 4.8865,
    "mass_f": 4.4995,
    "CGlen_i": 0.6446,
    "CGlen_f": 0.6366,
    "Iyz_i": 0.5076,
    "Iyz_f": 0.5076,
    "CPlen": 0.8411262708,
    "CP_alpha" : -0.001477949486,
    "Cd_i": 0.3584865107,
    "Cd_f": 0.3584865107,
    "Cna": 6.963637053,
    "Cmq": -2.075585672,
    "motor_file": "I260_440cc_test0003_prologue.txt",
    "vel_1st": 12.12,
    "op_type_1st": 0,
    "delay_time_1st": 0
  },

  "environment": {
    "place": "nosiro_land",
    "rail_len": 5.0,
    "rail_azi": 220,
    "rail_elev": 89
  }
}
