{
  "rocket1": {
    "ref_len": 1.2,
    "diam": 0.102,
    "mass_i": 5.112,
    "mass_f": 4.725,
    "CGlen_i": 0.6399,
    "CGlen_f": 0.6315,
    "Iyz_i": 0.5076,
    "Iyz_f": 0.5076,
    "CPlen": 0.8102789406,
    "Cd_i": 0.3584865107,
    "Cd_f": 0.3584865107,
    "Cna": 6.963637053,
    "Cmq": -0.0344704381,
    "motor_file": "I260_440cc_test0003_prologue.txt",
    "vel_1st": 12.5,
    "op_type_1st": 0,
    "delay_time_1st": 0
  },

  "environment": {
    "place": "nosiro_land",
    "rail_len": 5.0,
    "rail_azi": 220,
    "rail_elev": 89
  }
}
