{
  "rocket1": {
    "ref_len": 1.1147,
    "diam": 0.102,
    "mass_i": 4.942035,
    "mass_f": 4.560,
    "CGlen_i": 0.5856,
    "CGlen_f": 0.5798,
    "Iyz_i": 0.3774,
    "Iyz_f": 0.3774,
    "CPlen": 0.7460825529,
    "Cd_i": 0.3291353568,
    "Cd_f": 0.3291353568,
    "Cna": 6.537976962,
    "Cmq": -3.0,
    "motor_file": "TRP_I260.txt",
    "vel_1st": 10,
    "op_type_1st": 0,
    "delay_time_1st": 0
  },

  "environment": {
    "place": "nosiro_land",
    "rail_len": 5.0,
    "rail_azi": 220,
    "rail_elev": 89
  }
}
